<?xml version="1.0" encoding="utf-8"?>
<!--
  ~ @package   mod_radicalmart_category
  ~ @version   1.0.0
  ~ @author    Dmitriy Vasyukov - https://fictionlabs.ru
  ~ @copyright Copyright (c) 2022 Fictionlabs. All rights reserved.
  ~ @license   GNU/GPL license: http://www.gnu.org/copyleft/gpl.html
  ~ @link      https://fictionlabs.ru/
  -->

<extension version="3.9" type="module" client="site" method="upgrade">
    <name>MOD_RADICALMART_CATEGORY</name>
    <author>Dmitriy Vasyukov</author>
    <creationDate>February 2022</creationDate>
    <copyright>Copyright (C) 2022 FictionLabs. All rights reserved.</copyright>
    <license> GNU General Public License version 3 or later; see LICENSE</license>
    <authorEmail>info@fictionlabs.ru</authorEmail>
    <authorUrl>https://fictionlabs.ru</authorUrl>
    <version>1.0.0</version>
    <description>MOD_RADICALMART_CATEGORY_DESCRIPTION</description>
    <scriptfile>script.php</scriptfile>
    <languages folder="language">
        <language tag="en-GB">en-GB/en-GB.mod_radicalmart_category.ini</language>
        <language tag="en-GB">en-GB/en-GB.mod_radicalmart_category.sys.ini</language>
        <language tag="ru-RU">ru-RU/ru-RU.mod_radicalmart_category.ini</language>
        <language tag="ru-RU">ru-RU/ru-RU.mod_radicalmart_category.sys.ini</language>
    </languages>
    <files>
        <filename module="mod_radicalmart_category">mod_radicalmart_category.php</filename>
        <folder>tmpl</folder>
    </files>
    <config>
        <fields name="params" addfieldpath="/administrator/components/com_radicalmart/models/fields">
            <fieldset name="basic">
                <field name="categories" type="categories"
				   label="MOD_RADICALMART_CATEGORY_PARAM_CATEGORY"
                   multiple="true"
				   required="true">
			    </field>
                <field name="limit" type="integer"
                   label="MOD_RADICALMART_CATEGORY_PARAM_LIMIT"
                   first="1" last="100" step="1" default="12" />
                <field name="ordering" type="list"
                       label="MOD_RADICALMART_CATEGORY_PARAM_ORDERING"
                       default="p.ordering ASC">
                    <option value="p.ordering ASC">MOD_RADICALMART_CATEGORY_PARAM_ORDERING_ORDERING</option>
                    <option value="price ASC">MOD_RADICALMART_CATEGORY_PARAM_ORDERING_PRICE_ASC</option>
                    <option value="price DESC">MOD_RADICALMART_CATEGORY_PARAM_ORDERING_PRICE_DESC</option>
                    <option value="p.created DESC">MOD_RADICALMART_CATEGORY_PARAM_ORDERING_CREATED</option>
                    <option value="p.title ASC">MOD_RADICALMART_CATEGORY_PARAM_ORDERING_TITLE</option>
                </field>
                <field
					name="show_category"
					type="radio"
					label="MOD_RADICALMART_CATEGORY_PARAM_SHOW_CATEGORY"
					class="btn-group btn-group-yesno"
					default="1"
					filter="integer"
					>
					<option value="1">JYES</option>
					<option value="0">JNO</option>
				</field>
                <field name="layout"
                       type="modulelayout"
                       label="JFIELD_ALT_LAYOUT_LABEL"
                       description="JFIELD_ALT_MODULE_LAYOUT_DESC"
                />
                <field name="cols"
                       type="integer"
                       label="MOD_RADICALMART_CATEGORY_PARAM_COLS"
                       first="1" last="5" step="1" default="3"
                       showon="layout:_:grid"
                />
            </fieldset>
            <fieldset name="advanced">
                <field name="moduleclass_sfx"
                       type="textarea"
                       label="COM_MODULES_FIELD_MODULECLASS_SFX_LABEL"
                       description="COM_MODULES_FIELD_MODULECLASS_SFX_DESC"
                       rows="3"
                />
                <field name="cache"
                       type="list"
                       label="COM_MODULES_FIELD_CACHING_LABEL"
                       description="COM_MODULES_FIELD_CACHING_DESC"
                       default="1">
                    <option value="1">JGLOBAL_USE_GLOBAL</option>
                    <option value="0">COM_MODULES_FIELD_VALUE_NOCACHING</option>
                </field>
                <field name="cache_time"
                       type="text"
                       label="COM_MODULES_FIELD_CACHE_TIME_LABEL"
                       description="COM_MODULES_FIELD_CACHE_TIME_DESC"
                       default="900"
                />
                <field name="cachemode"
                       type="hidden"
                       default="static">
                    <option value="static"/>
                </field>
            </fieldset>
        </fields>
    </config>

    <layouts destination="modules" folder="layouts">
        <folder>radicalmart_category</folder>
    </layouts>
</extension>